-- MySQL dump 10.13  Distrib 5.6.24, for Win64 (x86_64)
--
-- Host: 127.0.0.1    Database: dormitorydb
-- ------------------------------------------------------
-- Server version	5.6.21

/*!40101 SET @OLD_CHARACTER_SET_CLIENT=@@CHARACTER_SET_CLIENT */;
/*!40101 SET @OLD_CHARACTER_SET_RESULTS=@@CHARACTER_SET_RESULTS */;
/*!40101 SET @OLD_COLLATION_CONNECTION=@@COLLATION_CONNECTION */;
/*!40101 SET NAMES utf8 */;
/*!40103 SET @OLD_TIME_ZONE=@@TIME_ZONE */;
/*!40103 SET TIME_ZONE='+00:00' */;
/*!40014 SET @OLD_UNIQUE_CHECKS=@@UNIQUE_CHECKS, UNIQUE_CHECKS=0 */;
/*!40014 SET @OLD_FOREIGN_KEY_CHECKS=@@FOREIGN_KEY_CHECKS, FOREIGN_KEY_CHECKS=0 */;
/*!40101 SET @OLD_SQL_MODE=@@SQL_MODE, SQL_MODE='NO_AUTO_VALUE_ON_ZERO' */;
/*!40111 SET @OLD_SQL_NOTES=@@SQL_NOTES, SQL_NOTES=0 */;

--
-- Table structure for table `block`
--

DROP TABLE IF EXISTS `block`;
/*!40101 SET @saved_cs_client     = @@character_set_client */;
/*!40101 SET character_set_client = utf8 */;
CREATE TABLE `block` (
  `ID_Block` int(11) NOT NULL AUTO_INCREMENT,
  `BlockNumber` int(11) NOT NULL,
  `ID_Dormitory` int(11) NOT NULL,
  PRIMARY KEY (`ID_Block`),
  KEY `FK_Block_Dormitory` (`ID_Dormitory`),
  CONSTRAINT `FK_Block_Dormitory` FOREIGN KEY (`ID_Dormitory`) REFERENCES `dormitory` (`ID_Dormitory`) ON DELETE NO ACTION ON UPDATE CASCADE
) ENGINE=InnoDB AUTO_INCREMENT=2403 DEFAULT CHARSET=utf8;
/*!40101 SET character_set_client = @saved_cs_client */;

--
-- Dumping data for table `block`
--

LOCK TABLES `block` WRITE;
/*!40000 ALTER TABLE `block` DISABLE KEYS */;
INSERT INTO `block` VALUES (1603,1,10),(1604,2,10),(1605,3,10),(1606,4,10),(1607,5,10),(1608,6,10),(1609,7,10),(1610,8,10),(1611,9,10),(1612,10,10),(1613,11,10),(1614,12,10),(1615,13,10),(1616,14,10),(1617,15,10),(1618,16,10),(1619,17,10),(1620,18,10),(1621,19,10),(1622,20,10),(1623,21,10),(1624,22,10),(1625,23,10),(1626,24,10),(1627,25,10),(1628,26,10),(1629,27,10),(1630,28,10),(1631,29,10),(1632,30,10),(1633,31,10),(1634,32,10),(1635,33,10),(1636,34,10),(1637,35,10),(1638,36,10),(1639,37,10),(1640,38,10),(1641,39,10),(1642,40,10),(1643,41,10),(1644,42,10),(1645,43,10),(1646,44,10),(1647,45,10),(1648,46,10),(1649,47,10),(1650,48,10),(1651,49,10),(1652,50,10),(1653,51,10),(1654,52,10),(1655,53,10),(1656,54,10),(1657,55,10),(1658,56,10),(1659,57,10),(1660,58,10),(1661,59,10),(1662,60,10),(1663,61,10),(1664,62,10),(1665,63,10),(1666,64,10),(1667,65,10),(1668,66,10),(1669,67,10),(1670,68,10),(1671,69,10),(1672,70,10),(1673,71,10),(1674,72,10),(1675,73,10),(1676,74,10),(1677,75,10),(1678,76,10),(1679,77,10),(1680,78,10),(1681,79,10),(1682,80,10),(1683,81,10),(1684,82,10),(1685,83,10),(1686,84,10),(1687,85,10),(1688,86,10),(1689,87,10),(1690,88,10),(1691,89,10),(1692,90,10),(1693,91,10),(1694,92,10),(1695,93,10),(1696,94,10),(1697,95,10),(1698,96,10),(1699,97,10),(1700,98,10),(1701,99,10),(1702,100,10),(1703,101,10),(1704,102,10),(1705,103,10),(1706,104,10),(1707,105,10),(1708,106,10),(1709,107,10),(1710,108,10),(1711,109,10),(1712,110,10),(1713,111,10),(1714,112,10),(1715,113,10),(1716,114,10),(1717,115,10),(1718,116,10),(1719,117,10),(1720,118,10),(1721,119,10),(1722,120,10),(1723,121,10),(1724,122,10),(1725,123,10),(1726,124,10),(1727,125,10),(1728,126,10),(1729,127,10),(1730,128,10),(1731,129,10),(1732,130,10),(1733,131,10),(1734,132,10),(1735,133,10),(1736,134,10),(1737,135,10),(1738,136,10),(1739,137,10),(1740,138,10),(1741,139,10),(1742,140,10),(1743,141,10),(1744,142,10),(1745,143,10),(1746,144,10),(1747,145,10),(1748,146,10),(1749,147,10),(1750,148,10),(1751,149,10),(1752,150,10),(1753,151,10),(1754,152,10),(1755,153,10),(1756,154,10),(1757,155,10),(1758,156,10),(1759,157,10),(1760,158,10),(1761,159,10),(1762,160,10),(1763,161,10),(1764,162,10),(1765,163,10),(1766,164,10),(1767,165,10),(1768,166,10),(1769,167,10),(1770,168,10),(1771,169,10),(1772,170,10),(1773,171,10),(1774,172,10),(1775,173,10),(1776,174,10),(1777,175,10),(1778,176,10),(1779,177,10),(1780,178,10),(1781,179,10),(1782,180,10),(1783,181,10),(1784,182,10),(1785,183,10),(1786,184,10),(1787,185,10),(1788,186,10),(1789,187,10),(1790,188,10),(1791,189,10),(1792,190,10),(1793,191,10),(1794,192,10),(1795,193,10),(1796,194,10),(1797,195,10),(1798,196,10),(1799,197,10),(1800,198,10),(1801,199,10),(1802,200,10),(1803,1,11),(1804,2,11),(1805,3,11),(1806,4,11),(1807,5,11),(1808,6,11),(1809,7,11),(1810,8,11),(1811,9,11),(1812,10,11),(1813,11,11),(1814,12,11),(1815,13,11),(1816,14,11),(1817,15,11),(1818,16,11),(1819,17,11),(1820,18,11),(1821,19,11),(1822,20,11),(1823,21,11),(1824,22,11),(1825,23,11),(1826,24,11),(1827,25,11),(1828,26,11),(1829,27,11),(1830,28,11),(1831,29,11),(1832,30,11),(1833,31,11),(1834,32,11),(1835,33,11),(1836,34,11),(1837,35,11),(1838,36,11),(1839,37,11),(1840,38,11),(1841,39,11),(1842,40,11),(1843,41,11),(1844,42,11),(1845,43,11),(1846,44,11),(1847,45,11),(1848,46,11),(1849,47,11),(1850,48,11),(1851,49,11),(1852,50,11),(1853,51,11),(1854,52,11),(1855,53,11),(1856,54,11),(1857,55,11),(1858,56,11),(1859,57,11),(1860,58,11),(1861,59,11),(1862,60,11),(1863,61,11),(1864,62,11),(1865,63,11),(1866,64,11),(1867,65,11),(1868,66,11),(1869,67,11),(1870,68,11),(1871,69,11),(1872,70,11),(1873,71,11),(1874,72,11),(1875,73,11),(1876,74,11),(1877,75,11),(1878,76,11),(1879,77,11),(1880,78,11),(1881,79,11),(1882,80,11),(1883,81,11),(1884,82,11),(1885,83,11),(1886,84,11),(1887,85,11),(1888,86,11),(1889,87,11),(1890,88,11),(1891,89,11),(1892,90,11),(1893,91,11),(1894,92,11),(1895,93,11),(1896,94,11),(1897,95,11),(1898,96,11),(1899,97,11),(1900,98,11),(1901,99,11),(1902,100,11),(1903,101,11),(1904,102,11),(1905,103,11),(1906,104,11),(1907,105,11),(1908,106,11),(1909,107,11),(1910,108,11),(1911,109,11),(1912,110,11),(1913,111,11),(1914,112,11),(1915,113,11),(1916,114,11),(1917,115,11),(1918,116,11),(1919,117,11),(1920,118,11),(1921,119,11),(1922,120,11),(1923,121,11),(1924,122,11),(1925,123,11),(1926,124,11),(1927,125,11),(1928,126,11),(1929,127,11),(1930,128,11),(1931,129,11),(1932,130,11),(1933,131,11),(1934,132,11),(1935,133,11),(1936,134,11),(1937,135,11),(1938,136,11),(1939,137,11),(1940,138,11),(1941,139,11),(1942,140,11),(1943,141,11),(1944,142,11),(1945,143,11),(1946,144,11),(1947,145,11),(1948,146,11),(1949,147,11),(1950,148,11),(1951,149,11),(1952,150,11),(1953,151,11),(1954,152,11),(1955,153,11),(1956,154,11),(1957,155,11),(1958,156,11),(1959,157,11),(1960,158,11),(1961,159,11),(1962,160,11),(1963,161,11),(1964,162,11),(1965,163,11),(1966,164,11),(1967,165,11),(1968,166,11),(1969,167,11),(1970,168,11),(1971,169,11),(1972,170,11),(1973,171,11),(1974,172,11),(1975,173,11),(1976,174,11),(1977,175,11),(1978,176,11),(1979,177,11),(1980,178,11),(1981,179,11),(1982,180,11),(1983,181,11),(1984,182,11),(1985,183,11),(1986,184,11),(1987,185,11),(1988,186,11),(1989,187,11),(1990,188,11),(1991,189,11),(1992,190,11),(1993,191,11),(1994,192,11),(1995,193,11),(1996,194,11),(1997,195,11),(1998,196,11),(1999,197,11),(2000,198,11),(2001,199,11),(2002,200,11),(2003,1,12),(2004,2,12),(2005,3,12),(2006,4,12),(2007,5,12),(2008,6,12),(2009,7,12),(2010,8,12),(2011,9,12),(2012,10,12),(2013,11,12),(2014,12,12),(2015,13,12),(2016,14,12),(2017,15,12),(2018,16,12),(2019,17,12),(2020,18,12),(2021,19,12),(2022,20,12),(2023,21,12),(2024,22,12),(2025,23,12),(2026,24,12),(2027,25,12),(2028,26,12),(2029,27,12),(2030,28,12),(2031,29,12),(2032,30,12),(2033,31,12),(2034,32,12),(2035,33,12),(2036,34,12),(2037,35,12),(2038,36,12),(2039,37,12),(2040,38,12),(2041,39,12),(2042,40,12),(2043,41,12),(2044,42,12),(2045,43,12),(2046,44,12),(2047,45,12),(2048,46,12),(2049,47,12),(2050,48,12),(2051,49,12),(2052,50,12),(2053,51,12),(2054,52,12),(2055,53,12),(2056,54,12),(2057,55,12),(2058,56,12),(2059,57,12),(2060,58,12),(2061,59,12),(2062,60,12),(2063,61,12),(2064,62,12),(2065,63,12),(2066,64,12),(2067,65,12),(2068,66,12),(2069,67,12),(2070,68,12),(2071,69,12),(2072,70,12),(2073,71,12),(2074,72,12),(2075,73,12),(2076,74,12),(2077,75,12),(2078,76,12),(2079,77,12),(2080,78,12),(2081,79,12),(2082,80,12),(2083,81,12),(2084,82,12),(2085,83,12),(2086,84,12),(2087,85,12),(2088,86,12),(2089,87,12),(2090,88,12),(2091,89,12),(2092,90,12),(2093,91,12),(2094,92,12),(2095,93,12),(2096,94,12),(2097,95,12),(2098,96,12),(2099,97,12),(2100,98,12),(2101,99,12),(2102,100,12),(2103,101,12),(2104,102,12),(2105,103,12),(2106,104,12),(2107,105,12),(2108,106,12),(2109,107,12),(2110,108,12),(2111,109,12),(2112,110,12),(2113,111,12),(2114,112,12),(2115,113,12),(2116,114,12),(2117,115,12),(2118,116,12),(2119,117,12),(2120,118,12),(2121,119,12),(2122,120,12),(2123,121,12),(2124,122,12),(2125,123,12),(2126,124,12),(2127,125,12),(2128,126,12),(2129,127,12),(2130,128,12),(2131,129,12),(2132,130,12),(2133,131,12),(2134,132,12),(2135,133,12),(2136,134,12),(2137,135,12),(2138,136,12),(2139,137,12),(2140,138,12),(2141,139,12),(2142,140,12),(2143,141,12),(2144,142,12),(2145,143,12),(2146,144,12),(2147,145,12),(2148,146,12),(2149,147,12),(2150,148,12),(2151,149,12),(2152,150,12),(2153,151,12),(2154,152,12),(2155,153,12),(2156,154,12),(2157,155,12),(2158,156,12),(2159,157,12),(2160,158,12),(2161,159,12),(2162,160,12),(2163,161,12),(2164,162,12),(2165,163,12),(2166,164,12),(2167,165,12),(2168,166,12),(2169,167,12),(2170,168,12),(2171,169,12),(2172,170,12),(2173,171,12),(2174,172,12),(2175,173,12),(2176,174,12),(2177,175,12),(2178,176,12),(2179,177,12),(2180,178,12),(2181,179,12),(2182,180,12),(2183,181,12),(2184,182,12),(2185,183,12),(2186,184,12),(2187,185,12),(2188,186,12),(2189,187,12),(2190,188,12),(2191,189,12),(2192,190,12),(2193,191,12),(2194,192,12),(2195,193,12),(2196,194,12),(2197,195,12),(2198,196,12),(2199,197,12),(2200,198,12),(2201,199,12),(2202,200,12),(2203,1,13),(2204,2,13),(2205,3,13),(2206,4,13),(2207,5,13),(2208,6,13),(2209,7,13),(2210,8,13),(2211,9,13),(2212,10,13),(2213,11,13),(2214,12,13),(2215,13,13),(2216,14,13),(2217,15,13),(2218,16,13),(2219,17,13),(2220,18,13),(2221,19,13),(2222,20,13),(2223,21,13),(2224,22,13),(2225,23,13),(2226,24,13),(2227,25,13),(2228,26,13),(2229,27,13),(2230,28,13),(2231,29,13),(2232,30,13),(2233,31,13),(2234,32,13),(2235,33,13),(2236,34,13),(2237,35,13),(2238,36,13),(2239,37,13),(2240,38,13),(2241,39,13),(2242,40,13),(2243,41,13),(2244,42,13),(2245,43,13),(2246,44,13),(2247,45,13),(2248,46,13),(2249,47,13),(2250,48,13),(2251,49,13),(2252,50,13),(2253,51,13),(2254,52,13),(2255,53,13),(2256,54,13),(2257,55,13),(2258,56,13),(2259,57,13),(2260,58,13),(2261,59,13),(2262,60,13),(2263,61,13),(2264,62,13),(2265,63,13),(2266,64,13),(2267,65,13),(2268,66,13),(2269,67,13),(2270,68,13),(2271,69,13),(2272,70,13),(2273,71,13),(2274,72,13),(2275,73,13),(2276,74,13),(2277,75,13),(2278,76,13),(2279,77,13),(2280,78,13),(2281,79,13),(2282,80,13),(2283,81,13),(2284,82,13),(2285,83,13),(2286,84,13),(2287,85,13),(2288,86,13),(2289,87,13),(2290,88,13),(2291,89,13),(2292,90,13),(2293,91,13),(2294,92,13),(2295,93,13),(2296,94,13),(2297,95,13),(2298,96,13),(2299,97,13),(2300,98,13),(2301,99,13),(2302,100,13),(2303,101,13),(2304,102,13),(2305,103,13),(2306,104,13),(2307,105,13),(2308,106,13),(2309,107,13),(2310,108,13),(2311,109,13),(2312,110,13),(2313,111,13),(2314,112,13),(2315,113,13),(2316,114,13),(2317,115,13),(2318,116,13),(2319,117,13),(2320,118,13),(2321,119,13),(2322,120,13),(2323,121,13),(2324,122,13),(2325,123,13),(2326,124,13),(2327,125,13),(2328,126,13),(2329,127,13),(2330,128,13),(2331,129,13),(2332,130,13),(2333,131,13),(2334,132,13),(2335,133,13),(2336,134,13),(2337,135,13),(2338,136,13),(2339,137,13),(2340,138,13),(2341,139,13),(2342,140,13),(2343,141,13),(2344,142,13),(2345,143,13),(2346,144,13),(2347,145,13),(2348,146,13),(2349,147,13),(2350,148,13),(2351,149,13),(2352,150,13),(2353,151,13),(2354,152,13),(2355,153,13),(2356,154,13),(2357,155,13),(2358,156,13),(2359,157,13),(2360,158,13),(2361,159,13),(2362,160,13),(2363,161,13),(2364,162,13),(2365,163,13),(2366,164,13),(2367,165,13),(2368,166,13),(2369,167,13),(2370,168,13),(2371,169,13),(2372,170,13),(2373,171,13),(2374,172,13),(2375,173,13),(2376,174,13),(2377,175,13),(2378,176,13),(2379,177,13),(2380,178,13),(2381,179,13),(2382,180,13),(2383,181,13),(2384,182,13),(2385,183,13),(2386,184,13),(2387,185,13),(2388,186,13),(2389,187,13),(2390,188,13),(2391,189,13),(2392,190,13),(2393,191,13),(2394,192,13),(2395,193,13),(2396,194,13),(2397,195,13),(2398,196,13),(2399,197,13),(2400,198,13),(2401,199,13),(2402,200,13);
/*!40000 ALTER TABLE `block` ENABLE KEYS */;
UNLOCK TABLES;

--
-- Table structure for table `dormitory`
--

DROP TABLE IF EXISTS `dormitory`;
/*!40101 SET @saved_cs_client     = @@character_set_client */;
/*!40101 SET character_set_client = utf8 */;
CREATE TABLE `dormitory` (
  `ID_Dormitory` int(11) NOT NULL AUTO_INCREMENT,
  `Number` int(11) NOT NULL,
  `Address` varchar(50) NOT NULL,
  `MaxBlocksCount` int(11) NOT NULL,
  `FreeBlocksCount` int(11) NOT NULL,
  PRIMARY KEY (`ID_Dormitory`)
) ENGINE=InnoDB AUTO_INCREMENT=14 DEFAULT CHARSET=utf8;
/*!40101 SET character_set_client = @saved_cs_client */;

--
-- Dumping data for table `dormitory`
--

LOCK TABLES `dormitory` WRITE;
/*!40000 ALTER TABLE `dormitory` DISABLE KEYS */;
INSERT INTO `dormitory` VALUES (10,1,'—É–ª. –Ø. –ö–æ–ª–æ—Å–∞, 28',200,200),(11,2,'—É–ª. –õ. –ë–µ–¥—ã, 4',200,200),(12,3,'—É–ª. –õ. –ë–µ–¥—ã, 2–±',200,200),(13,4,'–ø—Ä. –î–∑–µ—Ä–∂–∏–Ω—Å–∫–æ–≥–æ, 95 ',200,200);
/*!40000 ALTER TABLE `dormitory` ENABLE KEYS */;
UNLOCK TABLES;

--
-- Table structure for table `role`
--

DROP TABLE IF EXISTS `role`;
/*!40101 SET @saved_cs_client     = @@character_set_client */;
/*!40101 SET character_set_client = utf8 */;
CREATE TABLE `role` (
  `ID_Role` int(11) NOT NULL AUTO_INCREMENT,
  `RoleName` varchar(50) NOT NULL,
  PRIMARY KEY (`ID_Role`)
) ENGINE=InnoDB AUTO_INCREMENT=7 DEFAULT CHARSET=utf8;
/*!40101 SET character_set_client = @saved_cs_client */;

--
-- Dumping data for table `role`
--

LOCK TABLES `role` WRITE;
/*!40000 ALTER TABLE `role` DISABLE KEYS */;
INSERT INTO `role` VALUES (1,'Guest'),(2,'Student'),(3,'Doctor'),(4,'Governor'),(5,'DeaneryWorker'),(6,'Admin');
/*!40000 ALTER TABLE `role` ENABLE KEYS */;
UNLOCK TABLES;

--
-- Table structure for table `room`
--

DROP TABLE IF EXISTS `room`;
/*!40101 SET @saved_cs_client     = @@character_set_client */;
/*!40101 SET character_set_client = utf8 */;
CREATE TABLE `room` (
  `ID_Room` int(11) NOT NULL AUTO_INCREMENT,
  `RoomNumber` int(11) NOT NULL,
  `MaxPlacesCount` int(11) NOT NULL,
  `FreePlacesCount` int(11) NOT NULL,
  `ID_Block` int(11) NOT NULL,
  PRIMARY KEY (`ID_Room`),
  KEY `FK_Room_Block` (`ID_Block`),
  CONSTRAINT `FK_Room_Block` FOREIGN KEY (`ID_Block`) REFERENCES `block` (`ID_Block`) ON DELETE NO ACTION ON UPDATE CASCADE
) ENGINE=InnoDB AUTO_INCREMENT=4809 DEFAULT CHARSET=utf8;
/*!40101 SET character_set_client = @saved_cs_client */;

--
-- Dumping data for table `room`
--

LOCK TABLES `room` WRITE;
/*!40000 ALTER TABLE `room` DISABLE KEYS */;
INSERT INTO `room` VALUES (3209,1,3,3,1603),(3210,2,2,2,1603),(3211,1,3,3,1604),(3212,2,2,2,1604),(3213,1,3,3,1605),(3214,2,2,2,1605),(3215,1,3,3,1606),(3216,2,2,2,1606),(3217,1,3,3,1607),(3218,2,2,2,1607),(3219,1,3,3,1608),(3220,2,2,2,1608),(3221,1,3,3,1609),(3222,2,2,2,1609),(3223,1,3,3,1610),(3224,2,2,2,1610),(3225,1,3,3,1611),(3226,2,2,2,1611),(3227,1,3,3,1612),(3228,2,2,2,1612),(3229,1,3,3,1613),(3230,2,2,2,1613),(3231,1,3,3,1614),(3232,2,2,2,1614),(3233,1,3,3,1615),(3234,2,2,2,1615),(3235,1,3,3,1616),(3236,2,2,2,1616),(3237,1,3,3,1617),(3238,2,2,2,1617),(3239,1,3,3,1618),(3240,2,2,2,1618),(3241,1,3,3,1619),(3242,2,2,2,1619),(3243,1,3,3,1620),(3244,2,2,2,1620),(3245,1,3,3,1621),(3246,2,2,2,1621),(3247,1,3,3,1622),(3248,2,2,2,1622),(3249,1,3,3,1623),(3250,2,2,2,1623),(3251,1,3,3,1624),(3252,2,2,2,1624),(3253,1,3,3,1625),(3254,2,2,2,1625),(3255,1,3,3,1626),(3256,2,2,2,1626),(3257,1,3,3,1627),(3258,2,2,2,1627),(3259,1,3,3,1628),(3260,2,2,2,1628),(3261,1,3,3,1629),(3262,2,2,2,1629),(3263,1,3,3,1630),(3264,2,2,2,1630),(3265,1,3,3,1631),(3266,2,2,2,1631),(3267,1,3,3,1632),(3268,2,2,2,1632),(3269,1,3,3,1633),(3270,2,2,2,1633),(3271,1,3,3,1634),(3272,2,2,2,1634),(3273,1,3,3,1635),(3274,2,2,2,1635),(3275,1,3,3,1636),(3276,2,2,2,1636),(3277,1,3,3,1637),(3278,2,2,2,1637),(3279,1,3,3,1638),(3280,2,2,2,1638),(3281,1,3,3,1639),(3282,2,2,2,1639),(3283,1,3,3,1640),(3284,2,2,2,1640),(3285,1,3,3,1641),(3286,2,2,2,1641),(3287,1,3,3,1642),(3288,2,2,2,1642),(3289,1,3,3,1643),(3290,2,2,2,1643),(3291,1,3,3,1644),(3292,2,2,2,1644),(3293,1,3,3,1645),(3294,2,2,2,1645),(3295,1,3,3,1646),(3296,2,2,2,1646),(3297,1,3,3,1647),(3298,2,2,2,1647),(3299,1,3,3,1648),(3300,2,2,2,1648),(3301,1,3,3,1649),(3302,2,2,2,1649),(3303,1,3,3,1650),(3304,2,2,2,1650),(3305,1,3,3,1651),(3306,2,2,2,1651),(3307,1,3,3,1652),(3308,2,2,2,1652),(3309,1,3,3,1653),(3310,2,2,2,1653),(3311,1,3,3,1654),(3312,2,2,2,1654),(3313,1,3,3,1655),(3314,2,2,2,1655),(3315,1,3,3,1656),(3316,2,2,2,1656),(3317,1,3,3,1657),(3318,2,2,2,1657),(3319,1,3,3,1658),(3320,2,2,2,1658),(3321,1,3,3,1659),(3322,2,2,2,1659),(3323,1,3,3,1660),(3324,2,2,2,1660),(3325,1,3,3,1661),(3326,2,2,2,1661),(3327,1,3,3,1662),(3328,2,2,2,1662),(3329,1,3,3,1663),(3330,2,2,2,1663),(3331,1,3,3,1664),(3332,2,2,2,1664),(3333,1,3,3,1665),(3334,2,2,2,1665),(3335,1,3,3,1666),(3336,2,2,2,1666),(3337,1,3,3,1667),(3338,2,2,2,1667),(3339,1,3,3,1668),(3340,2,2,2,1668),(3341,1,3,3,1669),(3342,2,2,2,1669),(3343,1,3,3,1670),(3344,2,2,2,1670),(3345,1,3,3,1671),(3346,2,2,2,1671),(3347,1,3,3,1672),(3348,2,2,2,1672),(3349,1,3,3,1673),(3350,2,2,2,1673),(3351,1,3,3,1674),(3352,2,2,2,1674),(3353,1,3,3,1675),(3354,2,2,2,1675),(3355,1,3,3,1676),(3356,2,2,2,1676),(3357,1,3,3,1677),(3358,2,2,2,1677),(3359,1,3,3,1678),(3360,2,2,2,1678),(3361,1,3,3,1679),(3362,2,2,2,1679),(3363,1,3,3,1680),(3364,2,2,2,1680),(3365,1,3,3,1681),(3366,2,2,2,1681),(3367,1,3,3,1682),(3368,2,2,2,1682),(3369,1,3,3,1683),(3370,2,2,2,1683),(3371,1,3,3,1684),(3372,2,2,2,1684),(3373,1,3,3,1685),(3374,2,2,2,1685),(3375,1,3,3,1686),(3376,2,2,2,1686),(3377,1,3,3,1687),(3378,2,2,2,1687),(3379,1,3,3,1688),(3380,2,2,2,1688),(3381,1,3,3,1689),(3382,2,2,2,1689),(3383,1,3,3,1690),(3384,2,2,2,1690),(3385,1,3,3,1691),(3386,2,2,2,1691),(3387,1,3,3,1692),(3388,2,2,2,1692),(3389,1,3,3,1693),(3390,2,2,2,1693),(3391,1,3,3,1694),(3392,2,2,2,1694),(3393,1,3,3,1695),(3394,2,2,2,1695),(3395,1,3,3,1696),(3396,2,2,2,1696),(3397,1,3,3,1697),(3398,2,2,2,1697),(3399,1,3,3,1698),(3400,2,2,2,1698),(3401,1,3,3,1699),(3402,2,2,2,1699),(3403,1,3,3,1700),(3404,2,2,2,1700),(3405,1,3,3,1701),(3406,2,2,2,1701),(3407,1,3,3,1702),(3408,2,2,2,1702),(3409,1,3,3,1703),(3410,2,2,2,1703),(3411,1,3,3,1704),(3412,2,2,2,1704),(3413,1,3,3,1705),(3414,2,2,2,1705),(3415,1,3,3,1706),(3416,2,2,2,1706),(3417,1,3,3,1707),(3418,2,2,2,1707),(3419,1,3,3,1708),(3420,2,2,2,1708),(3421,1,3,3,1709),(3422,2,2,2,1709),(3423,1,3,3,1710),(3424,2,2,2,1710),(3425,1,3,3,1711),(3426,2,2,2,1711),(3427,1,3,3,1712),(3428,2,2,2,1712),(3429,1,3,3,1713),(3430,2,2,2,1713),(3431,1,3,3,1714),(3432,2,2,2,1714),(3433,1,3,3,1715),(3434,2,2,2,1715),(3435,1,3,3,1716),(3436,2,2,2,1716),(3437,1,3,3,1717),(3438,2,2,2,1717),(3439,1,3,3,1718),(3440,2,2,2,1718),(3441,1,3,3,1719),(3442,2,2,2,1719),(3443,1,3,3,1720),(3444,2,2,2,1720),(3445,1,3,3,1721),(3446,2,2,2,1721),(3447,1,3,3,1722),(3448,2,2,2,1722),(3449,1,3,3,1723),(3450,2,2,2,1723),(3451,1,3,3,1724),(3452,2,2,2,1724),(3453,1,3,3,1725),(3454,2,2,2,1725),(3455,1,3,3,1726),(3456,2,2,2,1726),(3457,1,3,3,1727),(3458,2,2,2,1727),(3459,1,3,3,1728),(3460,2,2,2,1728),(3461,1,3,3,1729),(3462,2,2,2,1729),(3463,1,3,3,1730),(3464,2,2,2,1730),(3465,1,3,3,1731),(3466,2,2,2,1731),(3467,1,3,3,1732),(3468,2,2,2,1732),(3469,1,3,3,1733),(3470,2,2,2,1733),(3471,1,3,3,1734),(3472,2,2,2,1734),(3473,1,3,3,1735),(3474,2,2,2,1735),(3475,1,3,3,1736),(3476,2,2,2,1736),(3477,1,3,3,1737),(3478,2,2,2,1737),(3479,1,3,3,1738),(3480,2,2,2,1738),(3481,1,3,3,1739),(3482,2,2,2,1739),(3483,1,3,3,1740),(3484,2,2,2,1740),(3485,1,3,3,1741),(3486,2,2,2,1741),(3487,1,3,3,1742),(3488,2,2,2,1742),(3489,1,3,3,1743),(3490,2,2,2,1743),(3491,1,3,3,1744),(3492,2,2,2,1744),(3493,1,3,3,1745),(3494,2,2,2,1745),(3495,1,3,3,1746),(3496,2,2,2,1746),(3497,1,3,3,1747),(3498,2,2,2,1747),(3499,1,3,3,1748),(3500,2,2,2,1748),(3501,1,3,3,1749),(3502,2,2,2,1749),(3503,1,3,3,1750),(3504,2,2,2,1750),(3505,1,3,3,1751),(3506,2,2,2,1751),(3507,1,3,3,1752),(3508,2,2,2,1752),(3509,1,3,3,1753),(3510,2,2,2,1753),(3511,1,3,3,1754),(3512,2,2,2,1754),(3513,1,3,3,1755),(3514,2,2,2,1755),(3515,1,3,3,1756),(3516,2,2,2,1756),(3517,1,3,3,1757),(3518,2,2,2,1757),(3519,1,3,3,1758),(3520,2,2,2,1758),(3521,1,3,3,1759),(3522,2,2,2,1759),(3523,1,3,3,1760),(3524,2,2,2,1760),(3525,1,3,3,1761),(3526,2,2,2,1761),(3527,1,3,3,1762),(3528,2,2,2,1762),(3529,1,3,3,1763),(3530,2,2,2,1763),(3531,1,3,3,1764),(3532,2,2,2,1764),(3533,1,3,3,1765),(3534,2,2,2,1765),(3535,1,3,3,1766),(3536,2,2,2,1766),(3537,1,3,3,1767),(3538,2,2,2,1767),(3539,1,3,3,1768),(3540,2,2,2,1768),(3541,1,3,3,1769),(3542,2,2,2,1769),(3543,1,3,3,1770),(3544,2,2,2,1770),(3545,1,3,3,1771),(3546,2,2,2,1771),(3547,1,3,3,1772),(3548,2,2,2,1772),(3549,1,3,3,1773),(3550,2,2,2,1773),(3551,1,3,3,1774),(3552,2,2,2,1774),(3553,1,3,3,1775),(3554,2,2,2,1775),(3555,1,3,3,1776),(3556,2,2,2,1776),(3557,1,3,3,1777),(3558,2,2,2,1777),(3559,1,3,3,1778),(3560,2,2,2,1778),(3561,1,3,3,1779),(3562,2,2,2,1779),(3563,1,3,3,1780),(3564,2,2,2,1780),(3565,1,3,3,1781),(3566,2,2,2,1781),(3567,1,3,3,1782),(3568,2,2,2,1782),(3569,1,3,3,1783),(3570,2,2,2,1783),(3571,1,3,3,1784),(3572,2,2,2,1784),(3573,1,3,3,1785),(3574,2,2,2,1785),(3575,1,3,3,1786),(3576,2,2,2,1786),(3577,1,3,3,1787),(3578,2,2,2,1787),(3579,1,3,3,1788),(3580,2,2,2,1788),(3581,1,3,3,1789),(3582,2,2,2,1789),(3583,1,3,3,1790),(3584,2,2,2,1790),(3585,1,3,3,1791),(3586,2,2,2,1791),(3587,1,3,3,1792),(3588,2,2,2,1792),(3589,1,3,3,1793),(3590,2,2,2,1793),(3591,1,3,3,1794),(3592,2,2,2,1794),(3593,1,3,3,1795),(3594,2,2,2,1795),(3595,1,3,3,1796),(3596,2,2,2,1796),(3597,1,3,3,1797),(3598,2,2,2,1797),(3599,1,3,3,1798),(3600,2,2,2,1798),(3601,1,3,3,1799),(3602,2,2,2,1799),(3603,1,3,3,1800),(3604,2,2,2,1800),(3605,1,3,3,1801),(3606,2,2,2,1801),(3607,1,3,3,1802),(3608,2,2,2,1802),(3609,1,3,3,1803),(3610,2,2,2,1803),(3611,1,3,3,1804),(3612,2,2,2,1804),(3613,1,3,3,1805),(3614,2,2,2,1805),(3615,1,3,3,1806),(3616,2,2,2,1806),(3617,1,3,3,1807),(3618,2,2,2,1807),(3619,1,3,3,1808),(3620,2,2,2,1808),(3621,1,3,3,1809),(3622,2,2,2,1809),(3623,1,3,3,1810),(3624,2,2,2,1810),(3625,1,3,3,1811),(3626,2,2,2,1811),(3627,1,3,3,1812),(3628,2,2,2,1812),(3629,1,3,3,1813),(3630,2,2,2,1813),(3631,1,3,3,1814),(3632,2,2,2,1814),(3633,1,3,3,1815),(3634,2,2,2,1815),(3635,1,3,3,1816),(3636,2,2,2,1816),(3637,1,3,3,1817),(3638,2,2,2,1817),(3639,1,3,3,1818),(3640,2,2,2,1818),(3641,1,3,3,1819),(3642,2,2,2,1819),(3643,1,3,3,1820),(3644,2,2,2,1820),(3645,1,3,3,1821),(3646,2,2,2,1821),(3647,1,3,3,1822),(3648,2,2,2,1822),(3649,1,3,3,1823),(3650,2,2,2,1823),(3651,1,3,3,1824),(3652,2,2,2,1824),(3653,1,3,3,1825),(3654,2,2,2,1825),(3655,1,3,3,1826),(3656,2,2,2,1826),(3657,1,3,3,1827),(3658,2,2,2,1827),(3659,1,3,3,1828),(3660,2,2,2,1828),(3661,1,3,3,1829),(3662,2,2,2,1829),(3663,1,3,3,1830),(3664,2,2,2,1830),(3665,1,3,3,1831),(3666,2,2,2,1831),(3667,1,3,3,1832),(3668,2,2,2,1832),(3669,1,3,3,1833),(3670,2,2,2,1833),(3671,1,3,3,1834),(3672,2,2,2,1834),(3673,1,3,3,1835),(3674,2,2,2,1835),(3675,1,3,3,1836),(3676,2,2,2,1836),(3677,1,3,3,1837),(3678,2,2,2,1837),(3679,1,3,3,1838),(3680,2,2,2,1838),(3681,1,3,3,1839),(3682,2,2,2,1839),(3683,1,3,3,1840),(3684,2,2,2,1840),(3685,1,3,3,1841),(3686,2,2,2,1841),(3687,1,3,3,1842),(3688,2,2,2,1842),(3689,1,3,3,1843),(3690,2,2,2,1843),(3691,1,3,3,1844),(3692,2,2,2,1844),(3693,1,3,3,1845),(3694,2,2,2,1845),(3695,1,3,3,1846),(3696,2,2,2,1846),(3697,1,3,3,1847),(3698,2,2,2,1847),(3699,1,3,3,1848),(3700,2,2,2,1848),(3701,1,3,3,1849),(3702,2,2,2,1849),(3703,1,3,3,1850),(3704,2,2,2,1850),(3705,1,3,3,1851),(3706,2,2,2,1851),(3707,1,3,3,1852),(3708,2,2,2,1852),(3709,1,3,3,1853),(3710,2,2,2,1853),(3711,1,3,3,1854),(3712,2,2,2,1854),(3713,1,3,3,1855),(3714,2,2,2,1855),(3715,1,3,3,1856),(3716,2,2,2,1856),(3717,1,3,3,1857),(3718,2,2,2,1857),(3719,1,3,3,1858),(3720,2,2,2,1858),(3721,1,3,3,1859),(3722,2,2,2,1859),(3723,1,3,3,1860),(3724,2,2,2,1860),(3725,1,3,3,1861),(3726,2,2,2,1861),(3727,1,3,3,1862),(3728,2,2,2,1862),(3729,1,3,3,1863),(3730,2,2,2,1863),(3731,1,3,3,1864),(3732,2,2,2,1864),(3733,1,3,3,1865),(3734,2,2,2,1865),(3735,1,3,3,1866),(3736,2,2,2,1866),(3737,1,3,3,1867),(3738,2,2,2,1867),(3739,1,3,3,1868),(3740,2,2,2,1868),(3741,1,3,3,1869),(3742,2,2,2,1869),(3743,1,3,3,1870),(3744,2,2,2,1870),(3745,1,3,3,1871),(3746,2,2,2,1871),(3747,1,3,3,1872),(3748,2,2,2,1872),(3749,1,3,3,1873),(3750,2,2,2,1873),(3751,1,3,3,1874),(3752,2,2,2,1874),(3753,1,3,3,1875),(3754,2,2,2,1875),(3755,1,3,3,1876),(3756,2,2,2,1876),(3757,1,3,3,1877),(3758,2,2,2,1877),(3759,1,3,3,1878),(3760,2,2,2,1878),(3761,1,3,3,1879),(3762,2,2,2,1879),(3763,1,3,3,1880),(3764,2,2,2,1880),(3765,1,3,3,1881),(3766,2,2,2,1881),(3767,1,3,3,1882),(3768,2,2,2,1882),(3769,1,3,3,1883),(3770,2,2,2,1883),(3771,1,3,3,1884),(3772,2,2,2,1884),(3773,1,3,3,1885),(3774,2,2,2,1885),(3775,1,3,3,1886),(3776,2,2,2,1886),(3777,1,3,3,1887),(3778,2,2,2,1887),(3779,1,3,3,1888),(3780,2,2,2,1888),(3781,1,3,3,1889),(3782,2,2,2,1889),(3783,1,3,3,1890),(3784,2,2,2,1890),(3785,1,3,3,1891),(3786,2,2,2,1891),(3787,1,3,3,1892),(3788,2,2,2,1892),(3789,1,3,3,1893),(3790,2,2,2,1893),(3791,1,3,3,1894),(3792,2,2,2,1894),(3793,1,3,3,1895),(3794,2,2,2,1895),(3795,1,3,3,1896),(3796,2,2,2,1896),(3797,1,3,3,1897),(3798,2,2,2,1897),(3799,1,3,3,1898),(3800,2,2,2,1898),(3801,1,3,3,1899),(3802,2,2,2,1899),(3803,1,3,3,1900),(3804,2,2,2,1900),(3805,1,3,3,1901),(3806,2,2,2,1901),(3807,1,3,3,1902),(3808,2,2,2,1902),(3809,1,3,3,1903),(3810,2,2,2,1903),(3811,1,3,3,1904),(3812,2,2,2,1904),(3813,1,3,3,1905),(3814,2,2,2,1905),(3815,1,3,3,1906),(3816,2,2,2,1906),(3817,1,3,3,1907),(3818,2,2,2,1907),(3819,1,3,3,1908),(3820,2,2,2,1908),(3821,1,3,3,1909),(3822,2,2,2,1909),(3823,1,3,3,1910),(3824,2,2,2,1910),(3825,1,3,3,1911),(3826,2,2,2,1911),(3827,1,3,3,1912),(3828,2,2,2,1912),(3829,1,3,3,1913),(3830,2,2,2,1913),(3831,1,3,3,1914),(3832,2,2,2,1914),(3833,1,3,3,1915),(3834,2,2,2,1915),(3835,1,3,3,1916),(3836,2,2,2,1916),(3837,1,3,3,1917),(3838,2,2,2,1917),(3839,1,3,3,1918),(3840,2,2,2,1918),(3841,1,3,3,1919),(3842,2,2,2,1919),(3843,1,3,3,1920),(3844,2,2,2,1920),(3845,1,3,3,1921),(3846,2,2,2,1921),(3847,1,3,3,1922),(3848,2,2,2,1922),(3849,1,3,3,1923),(3850,2,2,2,1923),(3851,1,3,3,1924),(3852,2,2,2,1924),(3853,1,3,3,1925),(3854,2,2,2,1925),(3855,1,3,3,1926),(3856,2,2,2,1926),(3857,1,3,3,1927),(3858,2,2,2,1927),(3859,1,3,3,1928),(3860,2,2,2,1928),(3861,1,3,3,1929),(3862,2,2,2,1929),(3863,1,3,3,1930),(3864,2,2,2,1930),(3865,1,3,3,1931),(3866,2,2,2,1931),(3867,1,3,3,1932),(3868,2,2,2,1932),(3869,1,3,3,1933),(3870,2,2,2,1933),(3871,1,3,3,1934),(3872,2,2,2,1934),(3873,1,3,3,1935),(3874,2,2,2,1935),(3875,1,3,3,1936),(3876,2,2,2,1936),(3877,1,3,3,1937),(3878,2,2,2,1937),(3879,1,3,3,1938),(3880,2,2,2,1938),(3881,1,3,3,1939),(3882,2,2,2,1939),(3883,1,3,3,1940),(3884,2,2,2,1940),(3885,1,3,3,1941),(3886,2,2,2,1941),(3887,1,3,3,1942),(3888,2,2,2,1942),(3889,1,3,3,1943),(3890,2,2,2,1943),(3891,1,3,3,1944),(3892,2,2,2,1944),(3893,1,3,3,1945),(3894,2,2,2,1945),(3895,1,3,3,1946),(3896,2,2,2,1946),(3897,1,3,3,1947),(3898,2,2,2,1947),(3899,1,3,3,1948),(3900,2,2,2,1948),(3901,1,3,3,1949),(3902,2,2,2,1949),(3903,1,3,3,1950),(3904,2,2,2,1950),(3905,1,3,3,1951),(3906,2,2,2,1951),(3907,1,3,3,1952),(3908,2,2,2,1952),(3909,1,3,3,1953),(3910,2,2,2,1953),(3911,1,3,3,1954),(3912,2,2,2,1954),(3913,1,3,3,1955),(3914,2,2,2,1955),(3915,1,3,3,1956),(3916,2,2,2,1956),(3917,1,3,3,1957),(3918,2,2,2,1957),(3919,1,3,3,1958),(3920,2,2,2,1958),(3921,1,3,3,1959),(3922,2,2,2,1959),(3923,1,3,3,1960),(3924,2,2,2,1960),(3925,1,3,3,1961),(3926,2,2,2,1961),(3927,1,3,3,1962),(3928,2,2,2,1962),(3929,1,3,3,1963),(3930,2,2,2,1963),(3931,1,3,3,1964),(3932,2,2,2,1964),(3933,1,3,3,1965),(3934,2,2,2,1965),(3935,1,3,3,1966),(3936,2,2,2,1966),(3937,1,3,3,1967),(3938,2,2,2,1967),(3939,1,3,3,1968),(3940,2,2,2,1968),(3941,1,3,3,1969),(3942,2,2,2,1969),(3943,1,3,3,1970),(3944,2,2,2,1970),(3945,1,3,3,1971),(3946,2,2,2,1971),(3947,1,3,3,1972),(3948,2,2,2,1972),(3949,1,3,3,1973),(3950,2,2,2,1973),(3951,1,3,3,1974),(3952,2,2,2,1974),(3953,1,3,3,1975),(3954,2,2,2,1975),(3955,1,3,3,1976),(3956,2,2,2,1976),(3957,1,3,3,1977),(3958,2,2,2,1977),(3959,1,3,3,1978),(3960,2,2,2,1978),(3961,1,3,3,1979),(3962,2,2,2,1979),(3963,1,3,3,1980),(3964,2,2,2,1980),(3965,1,3,3,1981),(3966,2,2,2,1981),(3967,1,3,3,1982),(3968,2,2,2,1982),(3969,1,3,3,1983),(3970,2,2,2,1983),(3971,1,3,3,1984),(3972,2,2,2,1984),(3973,1,3,3,1985),(3974,2,2,2,1985),(3975,1,3,3,1986),(3976,2,2,2,1986),(3977,1,3,3,1987),(3978,2,2,2,1987),(3979,1,3,3,1988),(3980,2,2,2,1988),(3981,1,3,3,1989),(3982,2,2,2,1989),(3983,1,3,3,1990),(3984,2,2,2,1990),(3985,1,3,3,1991),(3986,2,2,2,1991),(3987,1,3,3,1992),(3988,2,2,2,1992),(3989,1,3,3,1993),(3990,2,2,2,1993),(3991,1,3,3,1994),(3992,2,2,2,1994),(3993,1,3,3,1995),(3994,2,2,2,1995),(3995,1,3,3,1996),(3996,2,2,2,1996),(3997,1,3,3,1997),(3998,2,2,2,1997),(3999,1,3,3,1998),(4000,2,2,2,1998),(4001,1,3,3,1999),(4002,2,2,2,1999),(4003,1,3,3,2000),(4004,2,2,2,2000),(4005,1,3,3,2001),(4006,2,2,2,2001),(4007,1,3,3,2002),(4008,2,2,2,2002),(4009,1,3,3,2003),(4010,2,2,2,2003),(4011,1,3,3,2004),(4012,2,2,2,2004),(4013,1,3,3,2005),(4014,2,2,2,2005),(4015,1,3,3,2006),(4016,2,2,2,2006),(4017,1,3,3,2007),(4018,2,2,2,2007),(4019,1,3,3,2008),(4020,2,2,2,2008),(4021,1,3,3,2009),(4022,2,2,2,2009),(4023,1,3,3,2010),(4024,2,2,2,2010),(4025,1,3,3,2011),(4026,2,2,2,2011),(4027,1,3,3,2012),(4028,2,2,2,2012),(4029,1,3,3,2013),(4030,2,2,2,2013),(4031,1,3,3,2014),(4032,2,2,2,2014),(4033,1,3,3,2015),(4034,2,2,2,2015),(4035,1,3,3,2016),(4036,2,2,2,2016),(4037,1,3,3,2017),(4038,2,2,2,2017),(4039,1,3,3,2018),(4040,2,2,2,2018),(4041,1,3,3,2019),(4042,2,2,2,2019),(4043,1,3,3,2020),(4044,2,2,2,2020),(4045,1,3,3,2021),(4046,2,2,2,2021),(4047,1,3,3,2022),(4048,2,2,2,2022),(4049,1,3,3,2023),(4050,2,2,2,2023),(4051,1,3,3,2024),(4052,2,2,2,2024),(4053,1,3,3,2025),(4054,2,2,2,2025),(4055,1,3,3,2026),(4056,2,2,2,2026),(4057,1,3,3,2027),(4058,2,2,2,2027),(4059,1,3,3,2028),(4060,2,2,2,2028),(4061,1,3,3,2029),(4062,2,2,2,2029),(4063,1,3,3,2030),(4064,2,2,2,2030),(4065,1,3,3,2031),(4066,2,2,2,2031),(4067,1,3,3,2032),(4068,2,2,2,2032),(4069,1,3,3,2033),(4070,2,2,2,2033),(4071,1,3,3,2034),(4072,2,2,2,2034),(4073,1,3,3,2035),(4074,2,2,2,2035),(4075,1,3,3,2036),(4076,2,2,2,2036),(4077,1,3,3,2037),(4078,2,2,2,2037),(4079,1,3,3,2038),(4080,2,2,2,2038),(4081,1,3,3,2039),(4082,2,2,2,2039),(4083,1,3,3,2040),(4084,2,2,2,2040),(4085,1,3,3,2041),(4086,2,2,2,2041),(4087,1,3,3,2042),(4088,2,2,2,2042),(4089,1,3,3,2043),(4090,2,2,2,2043),(4091,1,3,3,2044),(4092,2,2,2,2044),(4093,1,3,3,2045),(4094,2,2,2,2045),(4095,1,3,3,2046),(4096,2,2,2,2046),(4097,1,3,3,2047),(4098,2,2,2,2047),(4099,1,3,3,2048),(4100,2,2,2,2048),(4101,1,3,3,2049),(4102,2,2,2,2049),(4103,1,3,3,2050),(4104,2,2,2,2050),(4105,1,3,3,2051),(4106,2,2,2,2051),(4107,1,3,3,2052),(4108,2,2,2,2052),(4109,1,3,3,2053),(4110,2,2,2,2053),(4111,1,3,3,2054),(4112,2,2,2,2054),(4113,1,3,3,2055),(4114,2,2,2,2055),(4115,1,3,3,2056),(4116,2,2,2,2056),(4117,1,3,3,2057),(4118,2,2,2,2057),(4119,1,3,3,2058),(4120,2,2,2,2058),(4121,1,3,3,2059),(4122,2,2,2,2059),(4123,1,3,3,2060),(4124,2,2,2,2060),(4125,1,3,3,2061),(4126,2,2,2,2061),(4127,1,3,3,2062),(4128,2,2,2,2062),(4129,1,3,3,2063),(4130,2,2,2,2063),(4131,1,3,3,2064),(4132,2,2,2,2064),(4133,1,3,3,2065),(4134,2,2,2,2065),(4135,1,3,3,2066),(4136,2,2,2,2066),(4137,1,3,3,2067),(4138,2,2,2,2067),(4139,1,3,3,2068),(4140,2,2,2,2068),(4141,1,3,3,2069),(4142,2,2,2,2069),(4143,1,3,3,2070),(4144,2,2,2,2070),(4145,1,3,3,2071),(4146,2,2,2,2071),(4147,1,3,3,2072),(4148,2,2,2,2072),(4149,1,3,3,2073),(4150,2,2,2,2073),(4151,1,3,3,2074),(4152,2,2,2,2074),(4153,1,3,3,2075),(4154,2,2,2,2075),(4155,1,3,3,2076),(4156,2,2,2,2076),(4157,1,3,3,2077),(4158,2,2,2,2077),(4159,1,3,3,2078),(4160,2,2,2,2078),(4161,1,3,3,2079),(4162,2,2,2,2079),(4163,1,3,3,2080),(4164,2,2,2,2080),(4165,1,3,3,2081),(4166,2,2,2,2081),(4167,1,3,3,2082),(4168,2,2,2,2082),(4169,1,3,3,2083),(4170,2,2,2,2083),(4171,1,3,3,2084),(4172,2,2,2,2084),(4173,1,3,3,2085),(4174,2,2,2,2085),(4175,1,3,3,2086),(4176,2,2,2,2086),(4177,1,3,3,2087),(4178,2,2,2,2087),(4179,1,3,3,2088),(4180,2,2,2,2088),(4181,1,3,3,2089),(4182,2,2,2,2089),(4183,1,3,3,2090),(4184,2,2,2,2090),(4185,1,3,3,2091),(4186,2,2,2,2091),(4187,1,3,3,2092),(4188,2,2,2,2092),(4189,1,3,3,2093),(4190,2,2,2,2093),(4191,1,3,3,2094),(4192,2,2,2,2094),(4193,1,3,3,2095),(4194,2,2,2,2095),(4195,1,3,3,2096),(4196,2,2,2,2096),(4197,1,3,3,2097),(4198,2,2,2,2097),(4199,1,3,3,2098),(4200,2,2,2,2098),(4201,1,3,3,2099),(4202,2,2,2,2099),(4203,1,3,3,2100),(4204,2,2,2,2100),(4205,1,3,3,2101),(4206,2,2,2,2101),(4207,1,3,3,2102),(4208,2,2,2,2102),(4209,1,3,3,2103),(4210,2,2,2,2103),(4211,1,3,3,2104),(4212,2,2,2,2104),(4213,1,3,3,2105),(4214,2,2,2,2105),(4215,1,3,3,2106),(4216,2,2,2,2106),(4217,1,3,3,2107),(4218,2,2,2,2107),(4219,1,3,3,2108),(4220,2,2,2,2108),(4221,1,3,3,2109),(4222,2,2,2,2109),(4223,1,3,3,2110),(4224,2,2,2,2110),(4225,1,3,3,2111),(4226,2,2,2,2111),(4227,1,3,3,2112),(4228,2,2,2,2112),(4229,1,3,3,2113),(4230,2,2,2,2113),(4231,1,3,3,2114),(4232,2,2,2,2114),(4233,1,3,3,2115),(4234,2,2,2,2115),(4235,1,3,3,2116),(4236,2,2,2,2116),(4237,1,3,3,2117),(4238,2,2,2,2117),(4239,1,3,3,2118),(4240,2,2,2,2118),(4241,1,3,3,2119),(4242,2,2,2,2119),(4243,1,3,3,2120),(4244,2,2,2,2120),(4245,1,3,3,2121),(4246,2,2,2,2121),(4247,1,3,3,2122),(4248,2,2,2,2122),(4249,1,3,3,2123),(4250,2,2,2,2123),(4251,1,3,3,2124),(4252,2,2,2,2124),(4253,1,3,3,2125),(4254,2,2,2,2125),(4255,1,3,3,2126),(4256,2,2,2,2126),(4257,1,3,3,2127),(4258,2,2,2,2127),(4259,1,3,3,2128),(4260,2,2,2,2128),(4261,1,3,3,2129),(4262,2,2,2,2129),(4263,1,3,3,2130),(4264,2,2,2,2130),(4265,1,3,3,2131),(4266,2,2,2,2131),(4267,1,3,3,2132),(4268,2,2,2,2132),(4269,1,3,3,2133),(4270,2,2,2,2133),(4271,1,3,3,2134),(4272,2,2,2,2134),(4273,1,3,3,2135),(4274,2,2,2,2135),(4275,1,3,3,2136),(4276,2,2,2,2136),(4277,1,3,3,2137),(4278,2,2,2,2137),(4279,1,3,3,2138),(4280,2,2,2,2138),(4281,1,3,3,2139),(4282,2,2,2,2139),(4283,1,3,3,2140),(4284,2,2,2,2140),(4285,1,3,3,2141),(4286,2,2,2,2141),(4287,1,3,3,2142),(4288,2,2,2,2142),(4289,1,3,3,2143),(4290,2,2,2,2143),(4291,1,3,3,2144),(4292,2,2,2,2144),(4293,1,3,3,2145),(4294,2,2,2,2145),(4295,1,3,3,2146),(4296,2,2,2,2146),(4297,1,3,3,2147),(4298,2,2,2,2147),(4299,1,3,3,2148),(4300,2,2,2,2148),(4301,1,3,3,2149),(4302,2,2,2,2149),(4303,1,3,3,2150),(4304,2,2,2,2150),(4305,1,3,3,2151),(4306,2,2,2,2151),(4307,1,3,3,2152),(4308,2,2,2,2152),(4309,1,3,3,2153),(4310,2,2,2,2153),(4311,1,3,3,2154),(4312,2,2,2,2154),(4313,1,3,3,2155),(4314,2,2,2,2155),(4315,1,3,3,2156),(4316,2,2,2,2156),(4317,1,3,3,2157),(4318,2,2,2,2157),(4319,1,3,3,2158),(4320,2,2,2,2158),(4321,1,3,3,2159),(4322,2,2,2,2159),(4323,1,3,3,2160),(4324,2,2,2,2160),(4325,1,3,3,2161),(4326,2,2,2,2161),(4327,1,3,3,2162),(4328,2,2,2,2162),(4329,1,3,3,2163),(4330,2,2,2,2163),(4331,1,3,3,2164),(4332,2,2,2,2164),(4333,1,3,3,2165),(4334,2,2,2,2165),(4335,1,3,3,2166),(4336,2,2,2,2166),(4337,1,3,3,2167),(4338,2,2,2,2167),(4339,1,3,3,2168),(4340,2,2,2,2168),(4341,1,3,3,2169),(4342,2,2,2,2169),(4343,1,3,3,2170),(4344,2,2,2,2170),(4345,1,3,3,2171),(4346,2,2,2,2171),(4347,1,3,3,2172),(4348,2,2,2,2172),(4349,1,3,3,2173),(4350,2,2,2,2173),(4351,1,3,3,2174),(4352,2,2,2,2174),(4353,1,3,3,2175),(4354,2,2,2,2175),(4355,1,3,3,2176),(4356,2,2,2,2176),(4357,1,3,3,2177),(4358,2,2,2,2177),(4359,1,3,3,2178),(4360,2,2,2,2178),(4361,1,3,3,2179),(4362,2,2,2,2179),(4363,1,3,3,2180),(4364,2,2,2,2180),(4365,1,3,3,2181),(4366,2,2,2,2181),(4367,1,3,3,2182),(4368,2,2,2,2182),(4369,1,3,3,2183),(4370,2,2,2,2183),(4371,1,3,3,2184),(4372,2,2,2,2184),(4373,1,3,3,2185),(4374,2,2,2,2185),(4375,1,3,3,2186),(4376,2,2,2,2186),(4377,1,3,3,2187),(4378,2,2,2,2187),(4379,1,3,3,2188),(4380,2,2,2,2188),(4381,1,3,3,2189),(4382,2,2,2,2189),(4383,1,3,3,2190),(4384,2,2,2,2190),(4385,1,3,3,2191),(4386,2,2,2,2191),(4387,1,3,3,2192),(4388,2,2,2,2192),(4389,1,3,3,2193),(4390,2,2,2,2193),(4391,1,3,3,2194),(4392,2,2,2,2194),(4393,1,3,3,2195),(4394,2,2,2,2195),(4395,1,3,3,2196),(4396,2,2,2,2196),(4397,1,3,3,2197),(4398,2,2,2,2197),(4399,1,3,3,2198),(4400,2,2,2,2198),(4401,1,3,3,2199),(4402,2,2,2,2199),(4403,1,3,3,2200),(4404,2,2,2,2200),(4405,1,3,3,2201),(4406,2,2,2,2201),(4407,1,3,3,2202),(4408,2,2,2,2202),(4409,1,3,3,2203),(4410,2,2,2,2203),(4411,1,3,3,2204),(4412,2,2,2,2204),(4413,1,3,3,2205),(4414,2,2,2,2205),(4415,1,3,3,2206),(4416,2,2,2,2206),(4417,1,3,3,2207),(4418,2,2,2,2207),(4419,1,3,3,2208),(4420,2,2,2,2208),(4421,1,3,3,2209),(4422,2,2,2,2209),(4423,1,3,3,2210),(4424,2,2,2,2210),(4425,1,3,3,2211),(4426,2,2,2,2211),(4427,1,3,3,2212),(4428,2,2,2,2212),(4429,1,3,3,2213),(4430,2,2,2,2213),(4431,1,3,3,2214),(4432,2,2,2,2214),(4433,1,3,3,2215),(4434,2,2,2,2215),(4435,1,3,3,2216),(4436,2,2,2,2216),(4437,1,3,3,2217),(4438,2,2,2,2217),(4439,1,3,3,2218),(4440,2,2,2,2218),(4441,1,3,3,2219),(4442,2,2,2,2219),(4443,1,3,3,2220),(4444,2,2,2,2220),(4445,1,3,3,2221),(4446,2,2,2,2221),(4447,1,3,3,2222),(4448,2,2,2,2222),(4449,1,3,3,2223),(4450,2,2,2,2223),(4451,1,3,3,2224),(4452,2,2,2,2224),(4453,1,3,3,2225),(4454,2,2,2,2225),(4455,1,3,3,2226),(4456,2,2,2,2226),(4457,1,3,3,2227),(4458,2,2,2,2227),(4459,1,3,3,2228),(4460,2,2,2,2228),(4461,1,3,3,2229),(4462,2,2,2,2229),(4463,1,3,3,2230),(4464,2,2,2,2230),(4465,1,3,3,2231),(4466,2,2,2,2231),(4467,1,3,3,2232),(4468,2,2,2,2232),(4469,1,3,3,2233),(4470,2,2,2,2233),(4471,1,3,3,2234),(4472,2,2,2,2234),(4473,1,3,3,2235),(4474,2,2,2,2235),(4475,1,3,3,2236),(4476,2,2,2,2236),(4477,1,3,3,2237),(4478,2,2,2,2237),(4479,1,3,3,2238),(4480,2,2,2,2238),(4481,1,3,3,2239),(4482,2,2,2,2239),(4483,1,3,3,2240),(4484,2,2,2,2240),(4485,1,3,3,2241),(4486,2,2,2,2241),(4487,1,3,3,2242),(4488,2,2,2,2242),(4489,1,3,3,2243),(4490,2,2,2,2243),(4491,1,3,3,2244),(4492,2,2,2,2244),(4493,1,3,3,2245),(4494,2,2,2,2245),(4495,1,3,3,2246),(4496,2,2,2,2246),(4497,1,3,3,2247),(4498,2,2,2,2247),(4499,1,3,3,2248),(4500,2,2,2,2248),(4501,1,3,3,2249),(4502,2,2,2,2249),(4503,1,3,3,2250),(4504,2,2,2,2250),(4505,1,3,3,2251),(4506,2,2,2,2251),(4507,1,3,3,2252),(4508,2,2,2,2252),(4509,1,3,3,2253),(4510,2,2,2,2253),(4511,1,3,3,2254),(4512,2,2,2,2254),(4513,1,3,3,2255),(4514,2,2,2,2255),(4515,1,3,3,2256),(4516,2,2,2,2256),(4517,1,3,3,2257),(4518,2,2,2,2257),(4519,1,3,3,2258),(4520,2,2,2,2258),(4521,1,3,3,2259),(4522,2,2,2,2259),(4523,1,3,3,2260),(4524,2,2,2,2260),(4525,1,3,3,2261),(4526,2,2,2,2261),(4527,1,3,3,2262),(4528,2,2,2,2262),(4529,1,3,3,2263),(4530,2,2,2,2263),(4531,1,3,3,2264),(4532,2,2,2,2264),(4533,1,3,3,2265),(4534,2,2,2,2265),(4535,1,3,3,2266),(4536,2,2,2,2266),(4537,1,3,3,2267),(4538,2,2,2,2267),(4539,1,3,3,2268),(4540,2,2,2,2268),(4541,1,3,3,2269),(4542,2,2,2,2269),(4543,1,3,3,2270),(4544,2,2,2,2270),(4545,1,3,3,2271),(4546,2,2,2,2271),(4547,1,3,3,2272),(4548,2,2,2,2272),(4549,1,3,3,2273),(4550,2,2,2,2273),(4551,1,3,3,2274),(4552,2,2,2,2274),(4553,1,3,3,2275),(4554,2,2,2,2275),(4555,1,3,3,2276),(4556,2,2,2,2276),(4557,1,3,3,2277),(4558,2,2,2,2277),(4559,1,3,3,2278),(4560,2,2,2,2278),(4561,1,3,3,2279),(4562,2,2,2,2279),(4563,1,3,3,2280),(4564,2,2,2,2280),(4565,1,3,3,2281),(4566,2,2,2,2281),(4567,1,3,3,2282),(4568,2,2,2,2282),(4569,1,3,3,2283),(4570,2,2,2,2283),(4571,1,3,3,2284),(4572,2,2,2,2284),(4573,1,3,3,2285),(4574,2,2,2,2285),(4575,1,3,3,2286),(4576,2,2,2,2286),(4577,1,3,3,2287),(4578,2,2,2,2287),(4579,1,3,3,2288),(4580,2,2,2,2288),(4581,1,3,3,2289),(4582,2,2,2,2289),(4583,1,3,3,2290),(4584,2,2,2,2290),(4585,1,3,3,2291),(4586,2,2,2,2291),(4587,1,3,3,2292),(4588,2,2,2,2292),(4589,1,3,3,2293),(4590,2,2,2,2293),(4591,1,3,3,2294),(4592,2,2,2,2294),(4593,1,3,3,2295),(4594,2,2,2,2295),(4595,1,3,3,2296),(4596,2,2,2,2296),(4597,1,3,3,2297),(4598,2,2,2,2297),(4599,1,3,3,2298),(4600,2,2,2,2298),(4601,1,3,3,2299),(4602,2,2,2,2299),(4603,1,3,3,2300),(4604,2,2,2,2300),(4605,1,3,3,2301),(4606,2,2,2,2301),(4607,1,3,3,2302),(4608,2,2,2,2302),(4609,1,3,3,2303),(4610,2,2,2,2303),(4611,1,3,3,2304),(4612,2,2,2,2304),(4613,1,3,3,2305),(4614,2,2,2,2305),(4615,1,3,3,2306),(4616,2,2,2,2306),(4617,1,3,3,2307),(4618,2,2,2,2307),(4619,1,3,3,2308),(4620,2,2,2,2308),(4621,1,3,3,2309),(4622,2,2,2,2309),(4623,1,3,3,2310),(4624,2,2,2,2310),(4625,1,3,3,2311),(4626,2,2,2,2311),(4627,1,3,3,2312),(4628,2,2,2,2312),(4629,1,3,3,2313),(4630,2,2,2,2313),(4631,1,3,3,2314),(4632,2,2,2,2314),(4633,1,3,3,2315),(4634,2,2,2,2315),(4635,1,3,3,2316),(4636,2,2,2,2316),(4637,1,3,3,2317),(4638,2,2,2,2317),(4639,1,3,3,2318),(4640,2,2,2,2318),(4641,1,3,3,2319),(4642,2,2,2,2319),(4643,1,3,3,2320),(4644,2,2,2,2320),(4645,1,3,3,2321),(4646,2,2,2,2321),(4647,1,3,3,2322),(4648,2,2,2,2322),(4649,1,3,3,2323),(4650,2,2,2,2323),(4651,1,3,3,2324),(4652,2,2,2,2324),(4653,1,3,3,2325),(4654,2,2,2,2325),(4655,1,3,3,2326),(4656,2,2,2,2326),(4657,1,3,3,2327),(4658,2,2,2,2327),(4659,1,3,3,2328),(4660,2,2,2,2328),(4661,1,3,3,2329),(4662,2,2,2,2329),(4663,1,3,3,2330),(4664,2,2,2,2330),(4665,1,3,3,2331),(4666,2,2,2,2331),(4667,1,3,3,2332),(4668,2,2,2,2332),(4669,1,3,3,2333),(4670,2,2,2,2333),(4671,1,3,3,2334),(4672,2,2,2,2334),(4673,1,3,3,2335),(4674,2,2,2,2335),(4675,1,3,3,2336),(4676,2,2,2,2336),(4677,1,3,3,2337),(4678,2,2,2,2337),(4679,1,3,3,2338),(4680,2,2,2,2338),(4681,1,3,3,2339),(4682,2,2,2,2339),(4683,1,3,3,2340),(4684,2,2,2,2340),(4685,1,3,3,2341),(4686,2,2,2,2341),(4687,1,3,3,2342),(4688,2,2,2,2342),(4689,1,3,3,2343),(4690,2,2,2,2343),(4691,1,3,3,2344),(4692,2,2,2,2344),(4693,1,3,3,2345),(4694,2,2,2,2345),(4695,1,3,3,2346),(4696,2,2,2,2346),(4697,1,3,3,2347),(4698,2,2,2,2347),(4699,1,3,3,2348),(4700,2,2,2,2348),(4701,1,3,3,2349),(4702,2,2,2,2349),(4703,1,3,3,2350),(4704,2,2,2,2350),(4705,1,3,3,2351),(4706,2,2,2,2351),(4707,1,3,3,2352),(4708,2,2,2,2352),(4709,1,3,3,2353),(4710,2,2,2,2353),(4711,1,3,3,2354),(4712,2,2,2,2354),(4713,1,3,3,2355),(4714,2,2,2,2355),(4715,1,3,3,2356),(4716,2,2,2,2356),(4717,1,3,3,2357),(4718,2,2,2,2357),(4719,1,3,3,2358),(4720,2,2,2,2358),(4721,1,3,3,2359),(4722,2,2,2,2359),(4723,1,3,3,2360),(4724,2,2,2,2360),(4725,1,3,3,2361),(4726,2,2,2,2361),(4727,1,3,3,2362),(4728,2,2,2,2362),(4729,1,3,3,2363),(4730,2,2,2,2363),(4731,1,3,3,2364),(4732,2,2,2,2364),(4733,1,3,3,2365),(4734,2,2,2,2365),(4735,1,3,3,2366),(4736,2,2,2,2366),(4737,1,3,3,2367),(4738,2,2,2,2367),(4739,1,3,3,2368),(4740,2,2,2,2368),(4741,1,3,3,2369),(4742,2,2,2,2369),(4743,1,3,3,2370),(4744,2,2,2,2370),(4745,1,3,3,2371),(4746,2,2,2,2371),(4747,1,3,3,2372),(4748,2,2,2,2372),(4749,1,3,3,2373),(4750,2,2,2,2373),(4751,1,3,3,2374),(4752,2,2,2,2374),(4753,1,3,3,2375),(4754,2,2,2,2375),(4755,1,3,3,2376),(4756,2,2,2,2376),(4757,1,3,3,2377),(4758,2,2,2,2377),(4759,1,3,3,2378),(4760,2,2,2,2378),(4761,1,3,3,2379),(4762,2,2,2,2379),(4763,1,3,3,2380),(4764,2,2,2,2380),(4765,1,3,3,2381),(4766,2,2,2,2381),(4767,1,3,3,2382),(4768,2,2,2,2382),(4769,1,3,3,2383),(4770,2,2,2,2383),(4771,1,3,3,2384),(4772,2,2,2,2384),(4773,1,3,3,2385),(4774,2,2,2,2385),(4775,1,3,3,2386),(4776,2,2,2,2386),(4777,1,3,3,2387),(4778,2,2,2,2387),(4779,1,3,3,2388),(4780,2,2,2,2388),(4781,1,3,3,2389),(4782,2,2,2,2389),(4783,1,3,3,2390),(4784,2,2,2,2390),(4785,1,3,3,2391),(4786,2,2,2,2391),(4787,1,3,3,2392),(4788,2,2,2,2392),(4789,1,3,3,2393),(4790,2,2,2,2393),(4791,1,3,3,2394),(4792,2,2,2,2394),(4793,1,3,3,2395),(4794,2,2,2,2395),(4795,1,3,3,2396),(4796,2,2,2,2396),(4797,1,3,3,2397),(4798,2,2,2,2397),(4799,1,3,3,2398),(4800,2,2,2,2398),(4801,1,3,3,2399),(4802,2,2,2,2399),(4803,1,3,3,2400),(4804,2,2,2,2400),(4805,1,3,3,2401),(4806,2,2,2,2401),(4807,1,3,3,2402),(4808,2,2,2,2402);
/*!40000 ALTER TABLE `room` ENABLE KEYS */;
UNLOCK TABLES;

--
-- Table structure for table `student`
--

DROP TABLE IF EXISTS `student`;
/*!40101 SET @saved_cs_client     = @@character_set_client */;
/*!40101 SET character_set_client = utf8 */;
CREATE TABLE `student` (
  `ID_Student` int(11) NOT NULL AUTO_INCREMENT,
  `FirstName` varchar(50) NOT NULL,
  `MidName` varchar(50) DEFAULT NULL,
  `LastName` varchar(50) NOT NULL,
  `DateOfBirth` date DEFAULT NULL,
  `GroupNumber` varchar(50) NOT NULL,
  `Statement` varchar(50) DEFAULT NULL,
  `DateOfSettlement` date DEFAULT NULL,
  `Order` varchar(50) DEFAULT NULL,
  `Contract` varchar(50) DEFAULT NULL,
  `ID_Room` int(11) DEFAULT NULL,
  `ID_Status` int(11) NOT NULL,
  `ID_User` int(11) NOT NULL,
  PRIMARY KEY (`ID_Student`),
  KEY `FK_Student_Room` (`ID_Room`),
  KEY `FK_Student_StudentStatus` (`ID_Status`),
  KEY `FK_Student_User` (`ID_User`),
  CONSTRAINT `FK_Student_Room` FOREIGN KEY (`ID_Room`) REFERENCES `room` (`ID_Room`) ON DELETE NO ACTION ON UPDATE CASCADE,
  CONSTRAINT `FK_Student_StudentStatus` FOREIGN KEY (`ID_Status`) REFERENCES `studentstatus` (`ID_Status`) ON DELETE NO ACTION ON UPDATE CASCADE,
  CONSTRAINT `FK_Student_User` FOREIGN KEY (`ID_User`) REFERENCES `user` (`ID_User`) ON DELETE NO ACTION ON UPDATE CASCADE
) ENGINE=InnoDB AUTO_INCREMENT=15 DEFAULT CHARSET=utf8;
/*!40101 SET character_set_client = @saved_cs_client */;

--
-- Dumping data for table `student`
--

LOCK TABLES `student` WRITE;
/*!40000 ALTER TABLE `student` DISABLE KEYS */;
INSERT INTO `student` VALUES (9,'–ü–µ—Ç—Ä','–ü–µ—Ç—Ä–æ–≤–∏—á','–ü–µ—Ç—Ä–æ–≤','1996-01-20','123456',NULL,NULL,NULL,NULL,NULL,1,13),(10,'–ò–≤–∞–Ω','–ò–≤–∞–Ω–æ–≤–∏—á','–ò–≤–∞–Ω–æ–≤','1995-01-02','654321',NULL,NULL,NULL,NULL,NULL,3,15),(11,'–§–µ–¥–æ—Ä','–§–µ–¥–æ—Ä–æ–≤–∏—á','–§–µ–¥–µ–≤','1996-01-03','147369',NULL,NULL,NULL,NULL,NULL,5,16),(12,'–ú–∞–∫—Å–∏–º','–°–µ—Ä–≥–µ–µ–≤–∏—á','–ì–æ—Ä–±–∞—á–µ–≤','1995-11-21','351001',NULL,NULL,NULL,NULL,NULL,2,17),(13,'–û–ª—å–≥–∞','–í–∏–∫—Ç–æ—Ä–æ–≤–Ω–∞','–õ–æ–∑–æ–≤–∏–∫','1996-06-01','351001',NULL,NULL,NULL,NULL,NULL,2,18),(14,'–ù–∞—Ç–∞–ª—å—è','–ì–µ–Ω–Ω–∞–¥—å–µ–≤–Ω–∞','–í–ª–∞–¥–∏–º–∏—Ä–æ–≤–∞','1996-01-22','351001',NULL,NULL,NULL,NULL,NULL,2,19);
/*!40000 ALTER TABLE `student` ENABLE KEYS */;
UNLOCK TABLES;

--
-- Table structure for table `studentstatus`
--

DROP TABLE IF EXISTS `studentstatus`;
/*!40101 SET @saved_cs_client     = @@character_set_client */;
/*!40101 SET character_set_client = utf8 */;
CREATE TABLE `studentstatus` (
  `ID_Status` int(11) NOT NULL AUTO_INCREMENT,
  `StatusName` varchar(50) NOT NULL,
  PRIMARY KEY (`ID_Status`)
) ENGINE=InnoDB AUTO_INCREMENT=9 DEFAULT CHARSET=utf8;
/*!40101 SET character_set_client = @saved_cs_client */;

--
-- Dumping data for table `studentstatus`
--

LOCK TABLES `studentstatus` WRITE;
/*!40000 ALTER TABLE `studentstatus` DISABLE KEYS */;
INSERT INTO `studentstatus` VALUES (1,'Default'),(2,'Candidate'),(3,'DeaneryPassed'),(4,'DeaneryNotPassed'),(5,'BodyCheckPassed'),(6,'BodyCheckNotPassed'),(7,'Settled'),(8,'NotSettled');
/*!40000 ALTER TABLE `studentstatus` ENABLE KEYS */;
UNLOCK TABLES;

--
-- Table structure for table `user`
--

DROP TABLE IF EXISTS `user`;
/*!40101 SET @saved_cs_client     = @@character_set_client */;
/*!40101 SET character_set_client = utf8 */;
CREATE TABLE `user` (
  `ID_User` int(11) NOT NULL AUTO_INCREMENT,
  `Login` varchar(50) NOT NULL,
  `Password` varbinary(500) NOT NULL,
  `Salt` varbinary(10) NOT NULL,
  `ID_Role` int(11) NOT NULL,
  PRIMARY KEY (`ID_User`),
  KEY `FK_User_Role` (`ID_Role`),
  CONSTRAINT `FK_User_Role` FOREIGN KEY (`ID_Role`) REFERENCES `role` (`ID_Role`) ON DELETE NO ACTION ON UPDATE CASCADE
) ENGINE=InnoDB AUTO_INCREMENT=21 DEFAULT CHARSET=utf8;
/*!40101 SET character_set_client = @saved_cs_client */;

--
-- Dumping data for table `user`
--

LOCK TABLES `user` WRITE;
/*!40000 ALTER TABLE `user` DISABLE KEYS */;
INSERT INTO `user` VALUES (1,'doctor','ÜƒÙ}ºvÇOûjÓôá{˝∑','€◊`´ºt$',3),(2,'governor','ñªÎÒ¨h-áΩ!ÊCæ›Eo\Z|','î€”äÆ?÷',4),(3,'deaneryworker','‚È®óÆRMkúknD‹{!O)','[t^™—ˆë',5),(4,'admin','}—ÿóì]3nF°Étj@L}ÿ¶','∂Œ˘Y·7≥¿',6),(13,'Peter','≤nZ*ózD≥ı˝TVõ<‰&ìY','øXõ3Ø8,',2),(15,'Ivan','‘ºâˇ4j\0˜î≠tÆØßz<¥Ï','2(…’˘∑',2),(16,'Fedor','¢-¨ï’o†-\'†ë : ?zS','?Bkm´øŸg',2),(17,'Maxim','','',2),(18,'Olga','','',2),(19,'Natali','','',2);
/*!40000 ALTER TABLE `user` ENABLE KEYS */;
UNLOCK TABLES;
/*!40103 SET TIME_ZONE=@OLD_TIME_ZONE */;

/*!40101 SET SQL_MODE=@OLD_SQL_MODE */;
/*!40014 SET FOREIGN_KEY_CHECKS=@OLD_FOREIGN_KEY_CHECKS */;
/*!40014 SET UNIQUE_CHECKS=@OLD_UNIQUE_CHECKS */;
/*!40101 SET CHARACTER_SET_CLIENT=@OLD_CHARACTER_SET_CLIENT */;
/*!40101 SET CHARACTER_SET_RESULTS=@OLD_CHARACTER_SET_RESULTS */;
/*!40101 SET COLLATION_CONNECTION=@OLD_COLLATION_CONNECTION */;
/*!40111 SET SQL_NOTES=@OLD_SQL_NOTES */;

-- Dump completed on 2016-04-27 15:42:41
